Round,Baseline_Acc,Baseline_F1,DM_Acc,DM_F1
Round 1 (A1),0.619,0.6171573573335388,0.575,0.5730764978091822
Round 2 (A2),0.465,0.46027970608620333,0.454,0.45096305542553
Round 3 (A3),0.44083333333333335,0.4368898772109455,0.4583333333333333,0.4517038656627003
